{
    "avg_prec": {
        "train": 1.0,
        "test": 0.6723744775950294
    },
    "roc_auc": {
        "train": 1.0,
        "test": 0.8997560975609756
    }
}
